{
  "beds": 0.2466736890996037,
  "baths": 0.5346640200990853,
  "prop_type_Apartment": 0.015256036268770671,
  "prop_type_House": 0.00915765510452506,
  "prop_type_Studio": 0.0010674988345358615,
  "dublin_area_1": 0.0019336658980658725,
  "dublin_area_2": 0.016825058364488686,
  "dublin_area_3": 0.0017780760585990936,
  "dublin_area_4": 0.11525074954044177,
  "dublin_area_5": 0.00018626356459540424,
  "dublin_area_6": 0.012167949788908932,
  "dublin_area_7": 0.0006486557889205535,
  "dublin_area_8": 0.0029569737389631874,
  "dublin_area_9": 0.0018322068957833846,
  "dublin_area_10": 0.00033135097234368653,
  "dublin_area_11": 0.001217915043250358,
  "dublin_area_12": 0.0004214718095661773,
  "dublin_area_13": 0.00047703288845458373,
  "dublin_area_14": 0.0037584423575854663,
  "dublin_area_15": 0.002123512753443094,
  "dublin_area_16": 0.0004514533017553162,
  "dublin_area_17": 0.0,
  "dublin_area_18": 0.0018729079480177414,
  "dublin_area_20": 8.60993324565695e-05,
  "dublin_area_22": 0.001212844480993847,
  "dublin_area_24": 0.027648470066845728
}