{
  "mae": 469.30598332583384,
  "mse": 648610.471955609,
  "rmse": 805.3635650782875,
  "r2": 0.4683701341663098,
  "accuracy_10_percent": 47.43589743589743,
  "accuracy_20_percent": 77.56410256410257,
  "accuracy_500_euro": 69.87179487179486,
  "training_samples": 620,
  "test_samples": 156
}