{
  "mae": 404.3717707312402,
  "mse": 1064731.7817609045,
  "rmse": 1031.8584116829713,
  "r2": 0.6573146306751904,
  "training_samples": 1311,
  "test_samples": 328
}