{
  "mae": 177.46098407770523,
  "mse": 78317.71567324753,
  "rmse": 279.8530251279188,
  "r2": 0.11220167145584459,
  "training_samples": 690,
  "test_samples": 173
}