{
  "mae": 417.07931661915836,
  "mse": 402314.9163010308,
  "rmse": 634.2829938608088,
  "r2": 0.6803404261755945,
  "training_samples": 613,
  "test_samples": 154
}