{
  "mae": 163.58170372324463,
  "mse": 47895.86506089651,
  "rmse": 218.85123956901984,
  "r2": 0.2937439962427757,
  "training_samples": 688,
  "test_samples": 173
}