{
  "mae": 469.3059833258338,
  "mse": 648610.471955609,
  "rmse": 805.3635650782875,
  "r2": 0.4683701341663098,
  "training_samples": 620,
  "test_samples": 156
}